<beans xmlns="http://www.springframework.org/schema/beans"
	xmlns:xsi="http://www.w3.org/2001/XMLSchema-instance" xmlns:context="http://www.springframework.org/schema/context"
	xmlns:tx="http://www.springframework.org/schema/tx" xmlns:mvc="http://www.springframework.org/schema/mvc"
	xsi:schemaLocation="http://www.springframework.org/schema/beans http://www.springframework.org/schema/beans/spring-beans.xsd
    http://www.springframework.org/schema/context http://www.springframework.org/schema/context/spring-context.xsd
    http://www.springframework.org/schema/tx http://www.springframework.org/schema/tx/spring-tx.xsd
    http://www.springframework.org/schema/mvc http://www.springframework.org/schema/mvc/spring-mvc.xsd">

	<context:component-scan base-package="com.cg.flp" />
	<bean
		class="org.springframework.web.servlet.view.InternalResourceViewResolver">
		<property name="prefix" value="/" />
		<property name="suffix" value=".jsp" />
	</bean>

	
	<!-- This is used for creating a different type of container-based EntityManagerFactory
	     instead of application-managed EntityManagerFactory  
	      -->
	
	<bean id="entityManagerFactoryBean"
		   class="org.springframework.orm.jpa.LocalContainerEntityManagerFactoryBean">
		
		<property name="dataSource" ref="dataSource" />
		
		<!-- This makes /META-INF/persistence.xml is no longer necessary -->
		<property name="packagesToScan" value="com.cg.flp" />
		
		
		<property name="jpaVendorAdapter">
			<bean class="org.springframework.orm.jpa.vendor.HibernateJpaVendorAdapter" />
		</property>
		<property name="jpaProperties">
			<props>
				<prop key="hibernate.hbm2ddl.auto">update</prop>
				<prop key="hibernate.dialect">org.hibernate.dialect.MySQLDialect</prop>
			</props>
		</property>
	</bean>

	
<bean id="dataSource"
		class="org.springframework.jdbc.datasource.DriverManagerDataSource">
		<property name="driverClassName"
			value="com.mysql.jdbc.Driver" />
		<property name="url"
			value="jdbc:mysql://localhost:3306/training" />
		<property name="username" value="root" />
		<property name="password" value="root" />
	</bean>

	<!-- This transaction manager is used for applications that use a single JPA EntityManagerFactory
	  for transactional data access. 
	  Multiple transactional resources can be accessed within the same transaction itself
	 -->
	<bean id="transactionManager" class="org.springframework.orm.jpa.JpaTransactionManager">
		<property name="entityManagerFactory" ref="entityManagerFactoryBean" />
	</bean>

	
	
	<!-- responsible for registering the necessary Spring components that power 
		annotation-driven transaction management; such as when @Transactional methods 
		are invoked -->
	<tx:annotation-driven />
	
	<mvc:resources mapping="/resources/**" location="/resources/" />
	
	<mvc:annotation-driven />

</beans>